School Name (ULCS),Street Address,City,State,Coordinates,Zip Code,ULCS Code,Councilmanic District & Rep,Year Built,School Type,Managed,Planning Area,Police District,Total # of Students,Facility Condition Index [FCI],Condition Assessment Cost [CAC],Replacement Cost [CRV],American Indian/Alaskan Native (Not Hispanic) - Count,American Indian/Alaskan Native (Not Hispanic) - Percentage,Asian (not Hispanic) - Count,Asian (not Hispanic) - Percentage,Black/African American (not Hispanic) - Count,Black/African American (not Hispanic) - Percentage,Hispanic (any race) - Count,Hispanic (any race) - Percentage,Multi-Race/Two or more races (not Hispanic) - Count,Multi-Race/Two or more races (not Hispanic) - Percentage,Native Hawaiian or other Pacific Islander (not Hispanic) - Count,Native Hawaiian or other Pacific Islander (not Hispanic) - Percentage,White (not Hispanic) - Count,White (not Hispanic) - Percentage,CEP Economically Disadvantaged Rate,Sq. Ft. (Building),Sq. Ft. (Site),Sq. Ft. (Footprint),Capacity,# Floors,Special Needs - Count,Special Needs - Percentage,Avg Daily Attendance,10+ Absences
"BARTRAM, JOHN HIGH SCHOOL",2401 S. 67TH ST.,PHILADELPHIA,PA,"-75.233836,39.921931",19142,1010,2 - Johnson,1939,High School,District,Southwest,12th District,710,0.45,42949319,95850000,,,,,660,93%,,,,,,,,,100%,270000,262761,81472,1706,4,187,26%,83%,69%
WEST PHILADELPHIA HIGH SCHOOL,4901 CHESTNUT ST.,PHILADELPHIA,PA,"-75.219906,39.959002",19139,1020,3 - Blackwell,2012,High School,District,Southwest,18th District,538,0,0,60354615,,,,,520,97%,,,,,,,,,100%,170013,205744,98917,965,,162,30%,77%,80%
HIGH SCHOOL OF THE FUTURE,4021 PARKSIDE AVE.,PHILADELPHIA,PA,"-75.203354,39.975296",19104,1030,4 - Jones Jr.,2006,High School,District,West,16th District,518,0,0,57510000,,,,,462,89%,35,7%,,,,,,,100%,162000,716427,102755,859,2,127,25%,92%,47%
"ROBESON, PAUL HIGH SCHOOL",4125 LUDLOW ST.,PHILADELPHIA,PA,"-75.205701,39.956968",19104,1050,3 - Blackwell,1960,High School,District,Southwest,18th District,294,0.11,1631017,14200000,,,,,275,94%,,,,,,,,,100%,40000,39075,19945,387,2,49,17%,91%,55%
"SAYRE, WILLIAM L. HIGH SCHOOL",5800 WALNUT ST.,PHILADELPHIA,PA,"-75.238645,39.95756",19139,1100,3 - Blackwell,1950,High School,District,West,18th District,511,0.23,16451615,71000000,,,,,487,95%,,,,,,,,,100%,200000,352282,115687,1631,2,152,30%,79%,76%
TILDEN MIDDLE SCHOOL,6601 ELMWOOD AVE.,PHILADELPHIA,PA,"-75.232451,39.92147",19142,1130,2 - Johnson,1927,Middle School,District,Southwest,12th District,470,0.65,40255696,61995366,,,40,9%,404,86%,,,,,,,,,100%,181273,262761,42923,1197,5,84,18%,88%,62%
MOTIVATION HIGH SCHOOL,5900 BALTIMORE AVE.,PHILADELPHIA,PA,"-75.247612,39.906578",19143,1190,2 - Johnson,1910,High School,District,Southwest,12th District,344,0.51,7782062,15165245,,,,,311,90%,,,,,,,,,100%,42719,34764,10532,185,2,23,7%,96%,14%
"BARRY, JOHN ELEMENTARY SCHOOL",5900 RACE ST.,PHILADELPHIA,PA,"-75.238544,39.964322",19139,1200,4 - Jones Jr.,2008,Elementary School,District,West,19th District,757,0,0,32963284,,,,,738,97%,,,,,,,,,100%,99287,43237,31665,894,4,62,8%,92%,48%
"BRYANT, WILLIAM C. SCHOOL",6001 CEDAR AVE.,PHILADELPHIA,PA,"-75.243686,39.952946",19143,1230,3 - Blackwell,1903,Elementary School,District,West,18th District,478,0.45,14105249,31286020,,,,,452,95%,,,,,,,,,100%,94235,112375,30250,894,3,67,14%,90%,53%
"CATHARINE, JOSEPH SCHOOL",6600 CHESTER AVE.,PHILADELPHIA,PA,"-75.239793,39.927281",19142,1250,2 - Johnson,1937,Elementary School,District,Southwest,12th District,619,0.56,10613608,19090000,,,71,11%,460,74%,24,4%,56,9%,,,,,100%,57500,85326,18826,676,3,54,9%,94%,40%
"COMEGYS, BENJAMIN B. SCHOOL",5100 GREENWAY AVE.,PHILADELPHIA,PA,"-75.216407,39.940865",19143,1260,3 - Blackwell,1911,Elementary School,District,Southwest,12th District,577,0.6629162309,15547910,23453808,,,,,520,90%,,,20,3%,,,29,5%,100%,70644,90156,36665,596,2,50,9%,92%,53%
PENN ALEXANDER SCHOOL,4209 SPRUCE ST.,PHILADELPHIA,PA,"-75.208126,39.952688",19104,1280,3 - Blackwell,2002,Elementary School,District,Southwest,18th District,557,0.02,437439,28006524,,,101,18%,127,23%,37,7%,66,12%,,,221,40%,39%,84357,125429,31140,815,4,24,4%,97%,15%
"HAMILTON, ANDREW SCHOOL",5640 SPRUCE ST.,PHILADELPHIA,PA,"-75.23548,39.955187",19139,1290,3 - Blackwell,1970,Elementary School,District,West,18th District,581,0.63,18794026,29714000,,,,,519,89%,,,39,7%,,,,,100%,89500,95504,33413,696,3,108,19%,93%,42%
"HARRINGTON, AVERY D. SCHOOL",5300 BALTIMORE AVE.,PHILADELPHIA,PA,"-75.23026,39.94746",19143,1300,3 - Blackwell,1927,Elementary School,District,Southwest,12th District,554,0.6,13323050,22078000,,,,,507,92%,,,30,5%,,,,,100%,66500,70677,24728,616,3,82,15%,93%,43%
"HUEY, SAMUEL B. SCHOOL",5200 PINE ST.,PHILADELPHIA,PA,"-75.227158,39.953423",19143,1330,3 - Blackwell,1964,Elementary School,District,West,18th District,532,0.48,13963286,29276756,,,,,498,94%,,,26,5%,,,,,100%,88183,69937,27697,795,4,69,13%,90%,57%
"LEA, HENRY C.",4700 LOCUST ST.,PHILADELPHIA,PA,"-75.216616,39.954129",19139,1340,3 - Blackwell,1914,Elementary School,District,Southwest,18th District,545,0.76,17754231,23240000,,,43,8%,426,78%,,,45,8%,,,23,4%,100%,70000,87310,22546,716,3,89,16%,93%,42%
"LONGSTRETH, WILLIAM C. SCHOOL",5700 WILLOWS AVE.,PHILADELPHIA,PA,"-75.232661,39.940391",19143,1350,3 - Blackwell,1971,Elementary School,District,Southwest,12th District,533,0.24,6862449,28336200,,,,,500,94%,,,22,4%,,,,,100%,85350,90475,35474,735,3,44,8%,91%,51%
"MC MICHAEL, MORTON SCHOOL",3543 FAIRMOUNT AVE.,PHILADELPHIA,PA,"-75.194309,39.96659",19104,1360,3 - Blackwell,1963,Elementary School,District,,,395,0.62,20.7,,,,,,346,88%,,,33,8%,,,,,100%,,,,,,109,28%,,
MITCHELL ELEMENTARY SCHOOL,5500 KINGSESSING AVE.,PHILADELPHIA,PA,"-75.223267,39.936777",19143,1370,3 - Blackwell,1916,Elementary School,District,Southwest,12th District,684,0.79,23577575,29880000,,,,,644,94%,,,22,3%,,,,,100%,90000,115574,35117,696,3,49,7%,92%,47%
"MORTON, THOMAS G. SCHOOL",2501 S. 63RD ST.,PHILADELPHIA,PA,"-75.226927,39.923943",19142,1380,2 - Johnson,1971,Elementary School,District,Southwest,12th District,707,0.55,15957835,28884000,,,36,5%,597,84%,,,41,6%,,,,,100%,87000,49129,27966,795,3,78,11%,93%,43%
"POWEL, SAMUEL SCHOOL",301 N. 36TH ST.,PHILADELPHIA,PA,"-75.193626,39.960313",19104,1390,3 - Blackwell,1961,Elementary School,District,Southwest,16th District,293,0.44,2619454,5976000,,,,,218,74%,,,34,12%,,,27,9%,87%,18000,53876,9833,199,2,27,9%,,
"PATTERSON, JOHN M. SCHOOL",7001 BUIST AVE.,PHILADELPHIA,PA,"-75.236933,39.916319",19142,1400,2 - Johnson,1921,Elementary School,District,Southwest,12th District,656,0.71,17211854,24194832,,,37,6%,552,84%,,,46,7%,,,,,100%,72876,66398,20861,696,3,33,5%,,
"RHOADS, JAMES SCHOOL",4901 PARRISH ST.,PHILADELPHIA,PA,"-75.219725,39.967409",19139,1410,3 - Blackwell,1960,Elementary School,District,West,16th District,495,0.48,11126702,23240000,,,,,459,93%,,,25,5%,,,,,100%,70000,64692,25316,676,4,55,11%,91%,60%
"WASHINGTON, MARTHA SCHOOL",766 N. 44TH ST.,PHILADELPHIA,PA,"-75.211378,39.966026",19104,1420,3 - Blackwell,1930,Elementary School,District,West,16th District,443,0.57,13562742,23671600,,,,,382,86%,,,51,12%,,,,,100%,71300,136444,25710,815,4,98,22%,93%,48%
PENROSE SCHOOL,2515 S. 78TH ST.,PHILADELPHIA,PA,"-75.248329,39.907459",19153,1440,2 - Johnson,1971,Elementary School,District,Southwest,12th District,617,0.43,7058325,16228824,,,20,3%,503,82%,,,72,12%,,,,,100%,48882,181274,40122,716,2,125,20%,94%,38%
"ANDERSON, ADD B. SCHOOL",1034 S. 60TH ST.,PHILADELPHIA,PA,"-75.245036,39.9469",19143,1460,3 - Blackwell,1963,Elementary School,District,West,18th District,549,0.61,13745277,22654020,,,,,504,92%,,,24,4%,,,,,100%,68235,95423,30822,616,3,66,12%,92%,49%
"LOCKE, ALAIN SCHOOL",4550 HAVERFORD AVE.,PHILADELPHIA,PA,"-75.212487,39.961928",19139,1470,3 - Blackwell,1964,Elementary School,District,Southwest,16th District,466,0.36,9262248,25564000,,,25,5%,371,80%,,,49,11%,,,,,100%,77000,188286,51351,676,3,52,11%,91%,58%
"BLANKENBURG, RUDOLPH SCHOOL",4600 W. GIRARD AVE.,PHILADELPHIA,PA,"-75.215151,39.972537",19131,1490,3 - Blackwell,1925,Elementary School,District,West,16th District,505,0.57,12189623,21248000,,,,,472,93%,,,21,4%,,,,,100%,64000,139199,21082,596,3,93,18%,91%,51%
MYA-MIDDLE YEARS ALTERNATIVE,4725 FAIRMOUNT AVE.,PHILADELPHIA,PA,"-75.215794,39.964433",19139,1580,3 - Blackwell,1924,Middle School,District,West,16th District,239,0.32,13049592,41040000,,,25,10%,197,82%,,,,,,,,,100%,120000,96473,53549,1202,,25,10%,95%,31%
SOUTH PHILADELPHIA H.S.,2101 S. BROAD ST.,PHILADELPHIA,PA,"-75.168795,39.923608",19148,2000,1 - Squilla,1957,High School,District,South-Central,3rd District,710,0.2254,26521680,117661200,,,122,17%,416,59%,93,13%,,,,,66,9%,100%,331440,198234,105021,2498,5,219,31%,80%,69%
"FRANKLIN, BENJAMIN HIGH SCHOOL",550 N. BROAD ST.,PHILADELPHIA,PA,"-75.161933,39.963517",19130,2010,5 - Clarke,1958,High School,District,South-Central,9th District,643,0.35,30152788,86014015,,,32,5%,541,84%,49,8%,,,,,,,100%,242293,74265,68374,1556,7,189,29%,80%,72%
CREATIVE AND PERFORMING ARTS,901 S. BROAD ST.,PHILADELPHIA,PA,"-75.165293,39.939333",19147,2020,1 - Squilla,1997,High School,District,South-Central,3rd District,711,0.011,662033,59153650,,,31,4%,386,54%,78,11%,51,7%,,,165,23%,67%,166630,120999,51128,890,3,57,8%,94%,41%
"MASTERMAN,JULIA R. HIGH SCHOOL",1699 SPRING GARDEN ST.,PHILADELPHIA,PA,"-75.165763,39.963405",19130,2140,5 - Clarke,1933,Middle School,District,South-Central,9th District,1189,0.4699,16874274,35910000,,,332,28%,215,18%,57,5%,111,9%,,,473,40%,39%,105000,32573,26099,806,6,20,2%,98%,13%
"FURNESS, HORACE HIGH SCHOOL",1900 S. 3RD ST.,PHILADELPHIA,PA,"-75.150851,39.923765",19148,2160,1 - Squilla,1912,High School,District,South-Central,3rd District,671,0.538,27710340,51475000,,,312,46%,153,23%,122,18%,,,,,71,11%,100%,145000,99997,47653,1240,3,97,14%,88%,52%
"FELL, D. NEWLIN SCHOOL",900 W. OREGON AVE.,PHILADELPHIA,PA,"-75.163406,39.915348",19148,2190,2 - Johnson,1924,Elementary School,District,South-Central,3rd District,559,0.543,10993878,20252000,,,224,40%,72,13%,96,17%,39,7%,,,127,23%,100%,61000,50600,19945,556,3,44,8%,94%,38%
BACHE-MARTIN SCHOOL,2201 BROWN ST.,PHILADELPHIA,PA,"-75.174451,39.970173",19130,2210,5 - Clarke,1906,Elementary School,District,South-Central,9th District,448,0.745,11199690,15039600,,,,,279,62%,40,9%,61,14%,,,60,13%,90%,45300,23713,14053,894,3,126,28%,95%,34%
"BREGY, F. AMEDEE SCHOOL",1700 BIGLER ST.,PHILADELPHIA,PA,"-75.176728,39.914449",19145,2240,2 - Johnson,1923,Elementary School,District,South-Central,1st District,442,0.776,16996752,21912000,,,,,266,60%,20,5%,75,17%,,,60,14%,100%,66000,115131,21037,616,3,93,21%,93%,46%
"CHILDS, GEORGE W. SCHOOL",1599 WHARTON ST.,PHILADELPHIA,PA,"-75.170439,39.934875",19146,2260,2 - Johnson,1927,Elementary School,District,South-Central,17th District,596,0.489,22407453,45828000,,,137,23%,319,54%,87,15%,41,7%,,,,,100%,134000,76313,41285,1176,3,93,16%,93%,44%
FRANKLIN LEARNING CENTER,616 N. 15TH ST.,PHILADELPHIA,PA,"-75.16336,39.965046",19130,2290,5 - Clarke,1908,High School,District,South-Central,9th District,873,0.441,23515052,53250000,,,100,11%,441,51%,201,23%,27,3%,,,104,12%,90%,150000,79092,43405,963,5,54,6%,91%,48%
"GIRARD, STEPHEN SCHOOL",1800 SNYDER AVE.,PHILADELPHIA,PA,"-75.177014,39.924533",19145,2320,2 - Johnson,1959,Elementary School,District,South-Central,1st District,604,0.3785,8380358,22139420,,,123,20%,375,62%,34,6%,46,8%,,,25,4%,100%,66685,81512,25765,497,3,57,9%,,
"MC CALL, GEN. GEORGE A. SCHOOL",325 S. 7TH ST.,PHILADELPHIA,PA,"-75.152597,39.944528",19106,2340,1 - Squilla,1909,Elementary School,District,South-Central,6th District,704,0.7107,16063219,22601232,,,392,56%,92,13%,26,4%,58,8%,,,135,19%,81%,68076,91114,33507,596,3,56,8%,97%,17%
"MCDANIEL, DELAPLAINE SCHOOL",1801 S. 22ND ST.,PHILADELPHIA,PA,"-75.181224,39.929379",19145,2370,2 - Johnson,1937,Elementary School,District,South-Central,1st District,738,0.7442,15071892,20252000,,,,,665,90%,,,36,5%,,,,,100%,61000,46573,20736,556,3,91,12%,90%,60%
"MEREDITH, WILLIAM M. SCHOOL",725 S. 5TH ST.,PHILADELPHIA,PA,"-75.150676,39.939587",19147,2380,1 - Squilla,1931,Elementary School,District,South-Central,3rd District,587,0.3672,6759633,18405084,,,62,11%,70,12%,38,6%,54,9%,,,360,61%,28%,55437,49692,16469,477,3,31,5%,96%,24%
"MORRIS, ROBERT SCHOOL",2600 W. THOMPSON ST.,PHILADELPHIA,PA,"-75.178737,39.975543",19121,2390,5 - Clarke,1964,Elementary School,District,North-Central,22nd District,371,0.24,6474344,26560000,,,,,334,90%,,,,,,,,,100%,80000,38713,21402,795,4,66,18%,91%,50%
GIRARD ACADEMIC MUSIC PROGRAM,2136 W. RITNER ST.,PHILADELPHIA,PA,"-75.18304,39.922011",19145,2410,2 - Johnson,1914,Middle School,District,South-Central,1st District,528,0.2799,7990695,28543320,,,87,16%,152,29%,20,4%,38,7%,,,229,43%,50%,83460,73247,38395,616,4,22,4%,97%,17%
"STANTON, EDWIN M. SCHOOL",1700 CHRISTIAN ST.,PHILADELPHIA,PA,"-75.170884,39.940374",19146,2450,2 - Johnson,1925,Elementary School,District,South-Central,17th District,331,0.7887,10474011,13280000,,,,,283,85%,,,25,8%,,,,,100%,40000,30308,11601,437,3,37,11%,93%,47%
"GREENFIELD, ALBERT M. SCHOOL",2200 CHESTNUT ST.,PHILADELPHIA,PA,"-75.177683,39.952182",19103,2470,5 - Clarke,1970,Elementary School,District,South-Central,9th District,609,0.601,19152417,31872000,,,58,10%,159,26%,28,5%,72,12%,,,289,47%,28%,96000,60920,24409,676,3,58,10%,95%,27%
"ARTHUR, CHESTER A. SCHOOL",2000 CATHARINE ST.,PHILADELPHIA,PA,"-75.176217,39.941849",19146,2480,2 - Johnson,1964,Elementary School,District,South-Central,17th District,256,0.511,7875093,15396500,,,,,185,72%,,,37,14%,,,,,100%,46375,49046,18096,417,3,54,21%,94%,41%
"WARING, LAURA W. SCHOOL",1801 GREEN ST.,PHILADELPHIA,PA,"-75.168017,39.964887",19130,2490,5 - Clarke,1956,Elementary School,District,South-Central,9th District,314,0.914,13959857,15272000,,,,,243,77%,34,11%,31,10%,,,,,100%,46000,64134,13729,417,3,31,10%,94%,42%
"JACKSON, ANDREW SCHOOL",1213 S. 12TH ST.,PHILADELPHIA,PA,"-75.163281,39.934614",19147,2510,1 - Squilla,1925,Elementary School,District,,,512,0.541,10.4,,,,63,12%,110,21%,181,35%,56,11%,,,100,20%,100%,,,,,,50,10%,,
"JENKS, ABRAM SCHOOL",2501 S. 13TH ST.,PHILADELPHIA,PA,"-75.168345,39.918877",19148,2520,1 - Squilla,1897,Elementary School,District,South-Central,3rd District,321,0.5133,5364269,10449700,,,109,34%,20,6%,20,6%,39,12%,,,133,41%,95%,31475,31194,13435,318,2,34,11%,,
"KEY, FRANCIS SCOTT SCHOOL",2230 S. 8TH ST.,PHILADELPHIA,PA,"-75.16057,39.920888",19148,2540,1 - Squilla,1889,Elementary School,District,South-Central,3rd District,500,0.455,7402063,16268000,,,220,44%,44,9%,139,28%,,,,,83,17%,100%,49000,33458,16612,556,3,40,8%,95%,28%
"KIRKBRIDE, ELIZA B. SCHOOL",1501 S. 7TH ST.,PHILADELPHIA,PA,"-75.156098,39.92982",19147,2580,1 - Squilla,1926,Elementary School,District,South-Central,3rd District,549,0.6241,11811385,18924000,,,193,35%,62,11%,241,44%,35,6%,,,,,92%,57000,29305,16102,636,3,47,9%,96%,25%
"NEBINGER, GEORGE W. SCHOOL",601 CARPENTER ST.,PHILADELPHIA,PA,"-75.153871,39.936723",19147,2590,1 - Squilla,1925,Elementary School,District,South-Central,3rd District,343,0.6899,13515172,19588000,,,42,12%,169,49%,79,23%,35,10%,,,,,100%,59000,45722,15297,517,4,50,15%,93%,43%
ACADEMY AT PALUMBO,1100 CATHARINE ST.,PHILADELPHIA,PA,"-75.161671,39.9401",19147,2620,1 - Squilla,1931,High School,District,South-Central,3rd District,887,0.578,37982399,65748130,,,233,26%,411,46%,80,9%,47,5%,,,113,13%,89%,185206,38992,38991,1067,5,31,3%,96%,25%
"SHARSWOOD, GEORGE SCHOOL",2300 S. 2ND ST.,PHILADELPHIA,PA,"-75.151026,39.918794",19148,2630,1 - Squilla,1906,Elementary School,District,South-Central,3rd District,543,0.5726,13877887,24236000,,,83,15%,65,12%,64,12%,60,11%,,,268,49%,100%,73000,78016,23799,596,3,95,17%,94%,44%
SOUTHWARK SCHOOL,1835 S. 9TH ST.,PHILADELPHIA,PA,"-75.159889,39.925912",19148,2640,1 - Squilla,1905,Elementary School,District,South-Central,3rd District,660,0.452,20709407,45816000,,,242,37%,87,13%,245,37%,28,4%,,,55,8%,100%,138000,78827,25641,815,3,63,10%,96%,25%
SCIENCE LEADERSHIP ACADEMY,55 N. 22ND ST.,PHILADELPHIA,PA,"-75.175858,39.955753",19103,2650,5 - Clarke,UNKNOWN,High School,District,South-Central,9th District,493,0,0,26625000,,,51,10%,172,35%,43,9%,43,9%,,,183,37%,44%,75000,24959,24959,446,,57,12%,95%,36%
CONSTITUTION HIGH SCHOOL,18 S. 7TH ST.,PHILADELPHIA,PA,"-75.152451,39.950273",19106,2670,1 - Squilla,UNKNOWN,High School,District,South-Central,6th District,384,0,0,22018165,,,,,271,71%,54,14%,,,,,27,7%,98%,62023,22002,14781,346,,40,10%,90%,52%
SCIENCE LDSHP ACADEMY @ BEEBER,5925 MALVERN AVE.,PHILADELPHIA,PA,"-75.242066,39.986453",19131,2680,??,UNKNOWN,UNKNOWN,District,,,362,UNKNOWN,UNKNOWN,,,,,,222,61%,41,11%,20,6%,,,60,17%,68%,,,,,,,,,
"TAGGART, JOHN H. SCHOOL",400 W. PORTER ST.,PHILADELPHIA,PA,"-75.155533,39.917103",19148,2690,1 - Squilla,1917,Elementary School,District,South-Central,3rd District,460,0.4185,9169451,21912000,,,229,50%,77,17%,53,12%,52,11%,,,47,10%,100%,66000,85403,26538,616,4,43,9%,94%,39%
VARE-WASHINGTON ELEMENTARY,1198 S. 5TH ST.,PHILADELPHIA,PA,"-75.150576,39.927091",19147,2720,1 - Squilla,1903,Elementary School,District,South-Central,3rd District,383,0.23,9005215,39840000,,,70,18%,94,25%,136,36%,44,11%,,,34,9%,100%,120000,42850,19424,596,3,74,19%,94%,39%
OVERBROOK HIGH SCHOOL,5898 LANCASTER AVE.,PHILADELPHIA,PA,"-75.23833,39.980964",19131,4020,4 - Jones Jr.,1926,High School,District,West,19th District,646,0.33,37909495,114777180,,,,,625,97%,,,,,,,,,100%,323316,199742,102101,2446,5,154,24%,80%,71%
ENGINEERING & SCIENCE HIGH,1600 W. NORRIS ST.,PHILADELPHIA,PA,"-75.161328,39.9834",19121,4030,5 - Clarke,1949,High School,District,North-Central,22nd District,877,0.44,23259490,53182550,,,78,9%,662,75%,61,7%,39,4%,,,37,4%,70%,149810,198668,78968,948,3,21,2%,95%,29%
"DOBBINS, MURRELL HIGH SCHOOL",2150 W. LEHIGH AVE.,PHILADELPHIA,PA,"-75.166993,39.994856",19132,4060,5 - Clarke,1938,High School,District,North-Central,22nd District,599,0.75,83224178,110900225,,,,,546,91%,43,7%,,,,,,,100%,312395,159975,77236,1345,8,93,16%,82%,81%
"BEEBER, DIMNER MIDDLE SCHOOL",5925 MALVERN AVE.,PHILADELPHIA,PA,"-75.242066,39.986453",19131,4100,4 - Jones Jr.,1933,Middle School,District,West,19th District,188,0.4603046826,21881964,47538000,,,,,180,96%,,,,,,,,,100%,139000,123235,54994,1092,3,39,21%,88%,60%
STRAWBERRY MANSION HIGH SCHOOL,3133 RIDGE AVE.,PHILADELPHIA,PA,"-75.184147,39.990303",19121,4140,5 - Clarke,1964,High School,District,North-Central,22nd District,394,0.57,50317464,88395000,,,,,387,98%,,,,,,,,,100%,249000,195163,86184,1762,5,134,34%,72%,85%
"BLAINE, JAMES G. SCHOOL",3001 W. BERKS ST.,PHILADELPHIA,PA,"-75.183519,39.985397",19121,4220,5 - Clarke,1966,Elementary School,District,North-Central,22nd District,509,0.55,16053538,29321244,,,,,440,86%,,,50,10%,,,,,100%,88317,116092,36616,775,3,120,24%,92%,49%
"CASSIDY,LEWIS C ACADEMICS PLUS",6523 LANSDOWNE AVE.,PHILADELPHIA,PA,"-75.250695,39.975156",19151,4240,4 - Jones Jr.,1924,Elementary School,District,West,19th District,530,0.82,16151714,19628836,,,,,483,91%,,,29,5%,,,,,100%,59123,84017,21096,656,3,60,11%,93%,38%
"DICK, WILLIAM SCHOOL",2498 W. DIAMOND ST.,PHILADELPHIA,PA,"-75.173646,39.986614",19121,4270,5 - Clarke,1954,Elementary School,District,North-Central,22nd District,549,0.54,12779191,23572000,,,,,516,94%,,,23,4%,,,,,100%,71000,136688,29386,596,3,85,15%,94%,35%
"GOMPERS, SAMUEL SCHOOL",5701 WYNNEFIELD AVE.,PHILADELPHIA,PA,"-75.238136,39.992724",19131,4280,4 - Jones Jr.,1950,Elementary School,District,West,19th District,388,0.83,15408798,18592000,,,,,293,76%,,,62,16%,,,,,100%,56000,219265,47539,537,2,62,16%,93%,44%
"HESTON, EDWARD SCHOOL",1621 N. 54TH ST.,PHILADELPHIA,PA,"-75.22931,39.977747",19131,4300,3 - Blackwell,1970,Elementary School,District,West,19th District,475,0.63,17154924,27104480,,,,,447,94%,,,,,,,,,100%,81640,142022,40354,636,3,51,11%,91%,56%
"LAMBERTON,ROBERT E ELEMENTARY",7501 WOODBINE AVE.,PHILADELPHIA,PA,"-75.26703,39.975666",19151,4320,4 - Jones Jr.,1949,Elementary School,District,West,19th District,576,0.6,22051212,36584076,,,,,506,88%,,,49,9%,,,,,100%,110193,242371,48845,1084,2,107,19%,96%,25%
RHODES ELEMENTARY SCHOOL,2900 W. CLEARFIELD ST.,PHILADELPHIA,PA,"-75.17836,40.002447",19132,4350,4 - Jones Jr.,1971,Middle School,District,,,576,0.24,14.5,,,,,,528,92%,,,39,7%,,,,,100%,,,,,,96,17%,,
OVERBROOK ELEMENTARY SCHOOL,2032 N. 62ND ST.,PHILADELPHIA,PA,"-75.245752,39.981747",19151,4370,4 - Jones Jr.,1907,Elementary School,District,West,19th District,238,0.7,7176164,10292000,,,,,219,92%,,,,,,,,,100%,31000,55675,13405,437,2,,,94%,32%
"PEIRCE, THOMAS M. SCHOOL",2300 W. CAMBRIA ST.,PHILADELPHIA,PA,"-75.168218,39.998415",19132,4380,8 - Bass,1908,Elementary School,District,North-Central,39th District,472,0.53,11003377,20584000,,,,,449,95%,,,,,,,,,100%,62000,46199,20424,656,3,37,8%,92%,52%
"ALLEN, DR. ETHEL SCHOOL",3200 W. LEHIGH AVE.,PHILADELPHIA,PA,"-75.184004,39.997126",19132,4440,5 - Clarke,1971,Elementary School,District,North-Central,22nd District,561,0.27,7430679,27621404,,,,,520,93%,21,4%,,,,,,,100%,83197,247609,51126,676,2,54,10%,91%,54%
"DUCKREY, TANNER SCHOOL",1501 W. DIAMOND ST.,PHILADELPHIA,PA,"-75.158909,39.985761",19121,4460,5 - Clarke,1968,Elementary School,District,North-Central,22nd District,629,0.26,8695222,33570180,,,,,587,93%,,,,,,,,,100%,101115,202288,48140,676,2,65,10%,93%,43%
"WRIGHT, RICHARD R. SCHOOL",2700 W. DAUPHIN ST.,PHILADELPHIA,PA,"-75.177679,39.989975",19132,4470,5 - Clarke,1970,Elementary School,District,North-Central,22nd District,385,0.4,10823286,27224000,,,,,339,88%,,,38,10%,,,,,100%,82000,187648,46803,636,3,75,19%,92%,47%
OVERBROOK EDUCATIONAL CENTER,6722 LANSDOWNE AVE.,PHILADELPHIA,PA,"-75.254807,39.973823",19151,4480,4 - Jones Jr.,1915,Elementary School,District,West,19th District,262,0,0,18302496,,,,,209,80%,,,34,13%,,,,,85%,55128,62385,12194,358,3,83,32%,95%,33%
"GIDEON, EDWARD SCHOOL",2817 W. GLENWOOD AVE.,PHILADELPHIA,PA,"-75.180765,39.984365",19121,4530,5 - Clarke,1952,Elementary School,District,North-Central,22nd District,328,0.56,12417690,22244000,,,,,312,95%,,,,,,,,,100%,67000,98132,24854,596,3,48,15%,92%,51%
"KELLEY, WILLIAM D. SCHOOL",1601 N. 28TH ST.,PHILADELPHIA,PA,"-75.180107,39.980697",19121,4560,5 - Clarke,1965,Elementary School,District,North-Central,22nd District,400,0.42,10034830,23904000,,,,,381,95%,,,,,,,,,100%,72000,72446,31402,676,3,44,11%,92%,53%
"MEADE, GEN. GEORGE G. SCHOOL",1600 N. 18TH ST.,PHILADELPHIA,PA,"-75.164982,39.978396",19121,4570,5 - Clarke,1937,Elementary School,District,North-Central,22nd District,393,0.73,22633340,31208000,,,,,356,91%,,,,,,,,,100%,94000,66287,27336,894,3,49,12%,92%,51%
"EDISON, THOMAS A. HIGH SCHOOL",151 W. LUZERNE ST.,PHILADELPHIA,PA,"-75.128311,40.012558",19140,5020,7- Q-S,1985,High School,District,North-Central,25th District,1257,0.05,5180251,112180000,,,,,298,24%,917,73%,20,2%,,,,,100%,316000,649043,163783,2218,5,375,30%,78%,79%
PHILADELPHIA MILITARY ACADEMY,2118 N. 13TH ST.,PHILADELPHIA,PA,"-75.154457,39.98548",19122,5050,5 - Clarke,1930,High School,District,North-Central,22nd District,313,0.57,15071693,26467735,,,,,191,61%,89,28%,,,,,,,100%,74557,108368,23667,850,3,34,11%,95%,33%
"MASTBAUM, JULES E. HIGH SCHOOL",3116 FRANKFORD AVE.,PHILADELPHIA,PA,"-75.112298,39.992819",19134,5060,1 - Squilla,1929,High School,District,North-Central,24th District,693,0.69,53789885,78455000,,,,,343,49%,296,43%,,,,,39,6%,100%,221000,86784,55888,1313,6,122,18%,89%,63%
PARKWAY-NORTHWEST HIGH SCHOOL,1100 E. MT. PLEASANT AVE.,PHILADELPHIA,PA,"-75.197047,40.062261",19150,5070,8 - Bass,1960,High School,District,Northwest,14th District,220,0,0,15434690,,,,,206,94%,,,,,,,,,90%,43478,28067,23115,300,,,,91%,55%
PARKWAY CENTER CITY HIGH SCHL,540 N. 13TH ST.,PHILADELPHIA,PA,"-75.159559,39.962787",19123,5080,5 - Clarke,1927,High School,District,South-Central,6th District,556,0.5526,20485673,37070406,,,41,7%,444,80%,45,8%,,,,,,,100%,108393,56977,24105,850,,21,4%,92%,52%
PARKWAY WEST HIGH SCHOOL,4725 FAIRMOUNT AVE.,PHILADELPHIA,PA,"-75.215821,39.964843",19139,5090,3 - Blackwell,1924,High School,District,West,16th District,292,0.32,13049592,41040000,,,,,282,97%,,,,,,,,,100%,120000,96473,53549,1202,,29,10%,91%,54%
"BODINE, WILLIAM W. HIGH SCHOOL",1101 N. 4TH ST.,PHILADELPHIA,PA,"-75.143066,39.968187",19123,5150,1 - Squilla,1935,High School,District,South-Central,26th District,447,0.607,12706868,20945000,,,53,12%,230,51%,92,21%,23,5%,,,48,11%,94%,59000,47590,15314,639,4,,,94%,39%
PENN TREATY HIGH SCHOOL,600 E. THOMPSON ST.,PHILADELPHIA,PA,"-75.127128,39.972643",19125,5160,5 - Clarke,1928,Middle School,District,,,494,0.29,14.3,,,,,,134,27%,160,32%,27,5%,,,168,34%,100%,,,,,,150,30%,,
"DEBURGOS, J. ELEMENTARY",401 W. LEHIGH AVE.,PHILADELPHIA,PA,"-75.138638,39.992627",19133,5170,7- Q-S,2002,Elementary School,District,North-Central,25th District,859,0.02,1030199,43658000,,,,,111,13%,670,78%,64,7%,,,,,100%,131500,108425,59848,1093,3,169,20%,93%,42%
"ADAIRE, ALEXANDER SCHOOL",1300 E. PALMER ST.,PHILADELPHIA,PA,"-75.13004,39.972578",19125,5200,5 - Clarke,1957,Elementary School,District,North-Central,26th District,358,0.45,7411221,16563480,,,,,24,7%,37,10%,22,6%,,,272,76%,100%,49890,75755,32132,437,2,51,14%,94%,43%
"BROWN, HENRY A. SCHOOL",1946 E. SERGEANT ST.,PHILADELPHIA,PA,"-75.127706,39.986782",19125,5210,1 - Squilla,1959,Elementary School,District,North-Central,26th District,541,0.18,3965550,22507940,,,81,15%,68,13%,266,49%,50,9%,,,75,14%,100%,67795,39598,27870,775,3,83,15%,93%,47%
"CONWELL, RUSSELL MIDDLE SCHOOL",1829 CLEARFIELD ST.,PHILADELPHIA,PA,"-75.114573,39.994432",19134,5230,1 - Squilla,1926,Middle School,District,North-Central,24th District,490,0.36,6864430,19015200,,,23,5%,206,42%,195,40%,22,4%,,,43,9%,100%,55600,43931,18538,483,3,22,4%,94%,39%
"DUNBAR, PAUL L. SCHOOL",1750 N. 12TH ST.,PHILADELPHIA,PA,"-75.154257,39.979119",19122,5250,5 - Clarke,1932,Elementary School,District,North-Central,22nd District,318,0.77,13635726,17662400,,,,,281,88%,,,24,8%,,,,,100%,53200,44733,16260,477,5,75,24%,93%,42%
"ELKIN, LEWIS SCHOOL",3199 D ST.,PHILADELPHIA,PA,"-75.120911,39.996916",19134,5260,7- Q-S,1973,Elementary School,District,North-Central,24th District,873,0.4248850666,7504490,17662400,,,,,145,17%,624,71%,82,9%,,,,,100%,53200,114521,34649,855,3,70,8%,,
"HACKETT, HORATIO B. SCHOOL",2161 E. YORK ST.,PHILADELPHIA,PA,"-75.126531,39.981138",19125,5300,1 - Squilla,1969,Elementary School,District,North-Central,26th District,371,0.22,7783868,36038600,,,,,32,9%,42,11%,52,14%,,,238,64%,100%,108550,100154,36320,596,4,86,23%,92%,56%
"HARTRANFT, JOHN F. SCHOOL",720 W. CUMBERLAND ST.,PHILADELPHIA,PA,"-75.145188,39.989236",19133,5320,5 - Clarke,1968,Elementary School,District,North-Central,26th District,506,0.27,7730537,28220000,,,,,327,65%,135,27%,35,7%,,,,,100%,85000,100969,44453,676,2,78,15%,92%,51%
"HUNTER, WILLIAM H. SCHOOL",2400 N. FRONT ST.,PHILADELPHIA,PA,"-75.132296,39.98709",19133,5330,7- Q-S,2004,Elementary School,District,North-Central,26th District,520,0,0,32702000,,,,,47,9%,411,79%,47,9%,,,,,100%,98500,123341,49784,696,2,134,26%,92%,50%
"LUDLOW, JAMES R. SCHOOL",550 W. MASTER ST.,PHILADELPHIA,PA,"-75.145859,39.972315",19122,5340,5 - Clarke,1927,Elementary School,District,North-Central,26th District,334,0,0,23316360,,,,,232,69%,70,21%,27,8%,,,,,100%,70230,37422,16355,596,3,93,28%,93%,46%
"MCKINLEY, WILLIAM SCHOOL",2101 N. ORKNEY ST.,PHILADELPHIA,PA,"-75.141144,39.983392",19122,5350,7- Q-S,1970,Elementary School,District,North-Central,26th District,463,0.17,4238116,24672248,,,,,161,35%,265,57%,26,6%,,,,,100%,74314,119725,66281,596,1,95,21%,93%,45%
"MOFFET, JOHN SCHOOL",127 W. OXFORD ST.,PHILADELPHIA,PA,"-75.135948,39.974868",19122,5370,7- Q-S,1973,Elementary School,District,North-Central,26th District,371,0.38,5036107,13280000,,,,,50,13%,194,52%,84,23%,,,41,11%,100%,40000,100667,26493,417,2,43,12%,95%,38%
POTTER-THOMAS SCHOOL,3001 N. 6TH ST.,PHILADELPHIA,PA,"-75.140654,39.997434",19133,5390,7- Q-S,1967,Elementary School,District,North-Central,25th District,648,0.27,7268373,26537756,,,,,118,18%,486,75%,34,5%,,,,,100%,79933,162718,47800,616,2,70,11%,91%,57%
RICHMOND SCHOOL,2944 BELGRADE ST.,PHILADELPHIA,PA,"-75.110419,39.983391",19134,5400,1 - Squilla,1929,Elementary School,District,North-Central,24th District,681,0.48,7710922,16035600,,,,,127,19%,160,23%,93,14%,,,294,43%,100%,48300,49515,13601,556,3,75,11%,93%,50%
"SHEPPARD, ISAAC A. SCHOOL",120 W. CAMBRIA ST.,PHILADELPHIA,PA,"-75.131652,39.993691",19133,5410,7- Q-S,1898,Elementary School,District,North-Central,25th District,225,0.32,3573438,11288000,,,,,,,192,85%,,,,,,,100%,34000,23098,10984,378,3,,,92%,60%
"WELSH, JOHN SCHOOL",2331 N. 4TH ST.,PHILADELPHIA,PA,"-75.139251,39.986392",19133,5420,7- Q-S,1966,Elementary School,District,North-Central,26th District,459,0.3,6973987,23572000,,,,,138,30%,281,61%,33,7%,,,,,100%,71000,38348,25191,755,4,60,13%,94%,45%
AMY 5 AT JAMES MARTIN,3380 RICHMOND ST.,PHILADELPHIA,PA,"-75.09731,39.985375",19134,5430,6 - Henon,1894,Middle School,District,North-Central,24th District,418,0.23,4956858,21289842,,,,,96,23%,105,25%,38,9%,,,172,41%,100%,62251,62467,17172,504,3,41,10%,93%,51%
"WILLARD, FRANCES E. SCHOOL",1930 E. ELKHART ST.,PHILADELPHIA,PA,"-75.116764,39.99314",19134,5440,1 - Squilla,2010,Elementary School,District,North-Central,24th District,760,0,0,32290652,,,,,220,29%,405,53%,76,10%,,,58,8%,100%,97261,216449,65902,775,,69,9%,,
"CRAMP, WILLIAM SCHOOL",3449 N. MASCHER ST.,PHILADELPHIA,PA,"-75.129996,40.00246",19140,5470,7- Q-S,1969,Elementary School,District,North-Central,25th District,538,0.23,6165610,26589216,,,,,69,13%,423,79%,33,6%,,,,,100%,80088,108132,43664,755,3,72,13%,93%,49%
"KEARNY, GEN. PHILIP SCHOOL",601 FAIRMOUNT AVE.,PHILADELPHIA,PA,"-75.148183,39.963906",19123,5480,5 - Clarke,1898,Elementary School,District,South-Central,6th District,448,0.3241,5273514,16268000,,,,,359,80%,28,6%,32,7%,,,27,6%,100%,49000,53482,15776,417,3,48,11%,95%,35%
CAYUGA SCHOOL,4344-4358 N. 5TH ST.,PHILADELPHIA,PA,"-75.135189,40.017947",19140,5490,7- Q-S,1916,Elementary School,District,North-Central,25th District,453,0.09,1463237,16408104,,,,,121,27%,285,63%,32,7%,,,,,100%,49422,36588,14483,517,3,63,14%,91%,56%
"MARSHALL, THURGOOD SCHOOL",5120 N. 6TH ST.,PHILADELPHIA,PA,"-75.134505,40.030226",19120,5500,9 - Parker,1997,Elementary School,District,Northwest,35th District,742,0.04,1436351,37848000,,,29,4%,435,59%,181,24%,88,12%,,,,,100%,114000,103598,40609,835,4,156,21%,94%,43%
"KENSINGTON BUSINESS, FINANCE",2501 CORAL ST.,PHILADELPHIA,PA,"-75.126978,39.984611",19125,5510,1 - Squilla,1917,High School,District,North-Central,26th District,357,0.16,6051704,38340000,,,,,135,38%,173,48%,,,,,37,10%,100%,108000,83677,39628,929,4,109,31%,77%,81%
KENSINGTON CAPA,1901 N. FRONT ST.,PHILADELPHIA,PA,"-75.133305,39.977091",19122,5520,1 - Squilla,2010,High School,District,North-Central,26th District,511,0,0,31383775,,,,,147,29%,307,60%,,,,,42,8%,100%,88405,324252,64565,542,,108,21%,81%,76%
"SHERIDAN, PHILIP H. SCHOOL",800 E. ONTARIO ST.,PHILADELPHIA,PA,"-75.114276,39.999512",19134,5530,7- Q-S,1899,Elementary School,District,North-Central,24th District,772,0.29,6193754,21502644,,,,,200,26%,477,62%,64,8%,,,20,3%,100%,64767,42526,18795,636,3,60,8%,,
KENSINGTON HEALTH SCIENCES,2463 EMERALD ST.,PHILADELPHIA,PA,"-75.128586,39.984847",19125,5550,1 - Squilla,2001,High School,District,North-Central,26th District,442,0.03,669629,20019870,,,,,142,32%,248,56%,,,,,30,7%,100%,56394,41676,28081,337,2,124,28%,78%,80%
SPRING GARDEN SCHOOL,1146 MELON ST.,PHILADELPHIA,PA,"-75.156208,39.965028",19123,5560,5 - Clarke,1931,Elementary School,District,South-Central,6th District,281,0.7657,10932495,14276000,,,,,220,78%,44,16%,,,,,,,100%,43000,45155,12310,258,4,,,93%,36%
"WEBSTER, JOHN H. SCHOOL",3400 FRANKFORD AVE.,PHILADELPHIA,PA,"-75.105178,39.996242",19134,5590,1 - Squilla,1968,Elementary School,District,North-Central,24th District,884,0.31,9574913,30635300,,,,,272,31%,423,48%,102,12%,,,78,9%,100%,92275,126125,31211,716,4,127,14%,93%,54%
KENSINGTON URBAN EDUCATION,2051 E. CUMBERLAND ST.,PHILADELPHIA,PA,"-75.126329,39.984303",19125,5600,Coleman,1917,High School,District,North-Central,26th District,353,0.16,6051704,38340000,,,,,124,35%,197,56%,,,,,,,100%,108000,83677,39628,929,4,106,30%,88%,65%
Building 21,2000 N. 7th St.,PHILADELPHIA,PA,"-75.146441,39.982115",19122,5610,UNKNOWN,UNKNOWN,UNKNOWN,District,,,293,UNKNOWN,UNKNOWN,,,,,,183,62%,92,31%,,,,,,,100%,,,,,,59,20%,,
THE U SCHOOL,2000 N. 7th St.,PHILADELPHIA,PA,"-75.146441,39.982115",19122,5620,UNKNOWN,UNKNOWN,UNKNOWN,District,,,172,UNKNOWN,UNKNOWN,,,,,,147,85%,,,,,,,,,100%,,,,,,33,19%,,
The LINC,122 W. Erie Ave.,PHILADELPHIA,PA,"-75.12946,40.006096",19140,5660,UNKNOWN,UNKNOWN,UNKNOWN,District,,,210,UNKNOWN,UNKNOWN,,,,,,107,51%,94,45%,,,,,,,100%,,,,,,47,22%,,
"MUNOZ-MARIN, HON LUIS SCHOOL",3300 N. 3RD ST.,PHILADELPHIA,PA,"-75.135668,40.001818",19140,5680,7- Q-S,1997,Elementary School,District,North-Central,25th District,670,0.04,1659417,39591000,,,,,82,12%,547,82%,30,4%,,,,,100%,119250,113457,58819,934,3,122,18%,92%,55%
CENTRAL HIGH SCHOOL,1700 W. OLNEY AVE.,PHILADELPHIA,PA,"-75.150256,40.037421",19141,6010,8 - Bass,1939,High School,District,Northwest,35th District,2246,0.67,50734718,75294435,,,774,34%,603,27%,193,9%,140,6%,,,531,24%,63%,212097,698897,98935,1868,4,,,96%,26%
ROXBOROUGH HIGH SCHOOL,6498 RIDGE AVE.,PHILADELPHIA,PA,"-75.223045,40.037231",19128,6030,4 - Jones Jr.,1924,High School,District,Northwest,5th District,575,0.5,42813423,85200000,,,,,479,83%,26,5%,,,,,52,9%,100%,240000,223741,104024,1603,3,175,30%,87%,65%
"SAUL, WALTER B. HIGH SCHOOL",7100 HENRY AVE.,PHILADELPHIA,PA,"-75.22229,40.049168",19128,6040,4 - Jones Jr.,1950,High School,District,Northwest,5th District,569,0.34,12650669,36926390,,,,,347,61%,81,14%,,,,,115,20%,88%,104018,956400,36075,740,2,62,11%,93%,46%
"GIRLS, PHILA HIGH SCHOOL FOR",1400 W. OLNEY AVE.,PHILADELPHIA,PA,"-75.146067,40.0383",19141,6050,8 - Bass,1956,High School,District,Northwest,35th District,1169,0.48,39380720,82847060,,,195,17%,765,65%,112,10%,48,4%,,,49,4%,91%,233372,214848,82874,1654,3,26,2%,92%,51%
"KING, MARTIN LUTHER HIGH SCH.",6100 STENTON AVE.,PHILADELPHIA,PA,"-75.162,40.056428",19138,6060,8 - Bass,1970,High School,District,Northwest,14th District,963,0.13,17285412,131350000,,,,,933,97%,,,,,,,,,100%,370000,467631,163897,2543,3,320,33%,80%,74%
RANDOLPH TECHNICAL HIGH SCHOOL,3101 HENRY AVE.,PHILADELPHIA,PA,"-75.179473,40.00907",19129,6090,4 - Jones Jr.,1975,High School,District,North-Central,39th District,561,0,0,43160545,,,,,509,91%,35,6%,,,,,,,100%,121579,433368,117802,569,2,116,21%,88%,72%
"LEEDS, MORRIS E. MIDDLE SCHOOL",1100 E. MT. PLEASANT AVE.,PHILADELPHIA,PA,"-75.17485,40.071424",19150,6100,9 - Parker,1953,Middle School,District,Northwest,14th District,206,0.35,20727791,59731945,,,,,191,93%,,,,,,,,,100%,168259,279653,78076,1126,3,67,33%,93%,42%
"DAY, ANNA B. SCHOOL",6324 CRITTENDEN ST.,PHILADELPHIA,PA,"-75.16865,40.058651",19138,6200,8 - Bass,1952,Elementary School,District,,,494,0.47,6.6,,,,,,449,91%,,,28,6%,,,,,100%,,,,,,57,12%,,
"EDMONDS, FRANKLIN S. SCHOOL",8025 THOURON AVE.,PHILADELPHIA,PA,"-75.171027,40.073089",19150,6210,9 - Parker,1948,Elementary School,District,Northwest,14th District,486,0.36,9747449,26726000,,,,,434,89%,,,38,8%,,,,,100%,80500,257616,53613,755,2,90,19%,96%,20%
"EMLEN, ELEANOR C. SCHOOL",6501 CHEW AVE.,PHILADELPHIA,PA,"-75.178114,40.054118",19119,6220,8 - Bass,1926,Elementary School,District,Northwest,14th District,441,0.45,11089766,24734000,,,,,391,89%,,,38,9%,,,,,100%,74500,99909,26102,735,3,71,16%,93%,41%
FITLER ACADEMICS PLUS,140 W. SEYMOUR ST.,PHILADELPHIA,PA,"-75.166406,40.026123",19144,6230,8 - Bass,1898,Elementary School,District,Northwest,39th District,247,0.86,10883455,12616000,,,,,232,94%,,,,,,,,,100%,38000,45902,13733,378,3,24,10%,95%,33%
"HENRY, CHARLES W. SCHOOL",601 CARPENTER LN.,PHILADELPHIA,PA,"-75.196544,40.046261",19119,6250,8 - Bass,1908,Elementary School,District,Northwest,14th District,504,0.53,11591620,21712800,,,,,362,72%,,,67,13%,,,55,11%,75%,65400,102841,26494,596,2,63,13%,95%,28%
"HOUSTON, HENRY H. SCHOOL",7300 RURAL LN.,PHILADELPHIA,PA,"-75.195179,40.059516",19119,6260,8 - Bass,1927,Elementary School,District,Northwest,14th District,370,0.31,7411650,23904000,,,,,324,88%,,,26,7%,,,,,100%,72000,128910,23594,656,3,82,22%,93%,38%
JENKS ACADEMY ARTS & SCIENCES,8301 GERMANTOWN AVE.,PHILADELPHIA,PA,"-75.203278,40.07491",19118,6270,8 - Bass,1924,Elementary School,District,Northwest,14th District,450,0.5,8979363,17928000,,,,,345,77%,,,43,10%,,,43,10%,54%,54000,105857,18354,477,3,63,14%,96%,19%
"LOGAN, JAMES SCHOOL",1700 LINDLEY AVE.,PHILADELPHIA,PA,"-75.152184,40.030521",19141,6300,8 - Bass,1924,Elementary School,District,Northwest,35th District,264,0.98,21123134,21580000,,,,,230,87%,,,22,8%,,,,,100%,65000,159338,18110,556,3,44,17%,93%,38%
"MCCLOSKEY, JOHN F. SCHOOL",8500 PICKERING ST.,PHILADELPHIA,PA,"-75.174842,40.081104",19150,6310,9 - Parker,1956,Elementary School,District,Northwest,14th District,464,0.38,5330985,13944000,,,,,435,94%,,,,,,,,,89%,42000,95029,31106,497,2,60,13%,95%,33%
"MIFFLIN, THOMAS SCHOOL",3624 CONRAD ST.,PHILADELPHIA,PA,"-75.191909,40.013261",19129,6320,4 - Jones Jr.,1937,Elementary School,District,Northwest,39th District,292,0.46,9580600,20617200,,,,,244,84%,,,,,,,27,9%,100%,62100,130417,34407,1113,2,33,11%,94%,41%
"PENNELL, JOSEPH ELEMENTARY",1800 NEDRO AVE.,PHILADELPHIA,PA,"-75.150918,40.043277",19141,6340,8 - Bass,1927,Elementary School,District,Northwest,35th District,385,0.55,12854222,23405336,,,,,368,96%,,,,,,,,,100%,70498,88855,24309,517,3,36,9%,92%,46%
"PENNYPACKER, SAMUEL SCHOOL",1858 E. WASHINGTON LN.,PHILADELPHIA,PA,"-75.159098,40.065104",19138,6350,9 - Parker,1930,Elementary School,District,Northwest,14th District,374,0.27,15232383,57436000,,,,,345,92%,,,,,,,,,100%,173000,115959,21473,636,3,68,18%,94%,35%
ROOSEVELT ELEMENTARY SCHOOL,430 E. WASHINGTON LN.,PHILADELPHIA,PA,"-75.1749,40.048117",19144,6360,8 - Bass,1924,Middle School,District,,,572,0.26,12.1,,,,,,537,94%,,,21,4%,,,,,100%,,,,,,95,17%,,
SHAWMONT SCHOOL,535 SHAWMONT AVE.,PHILADELPHIA,PA,"-75.238644,40.051585",19128,6380,4 - Jones Jr.,1928,Elementary School,District,Northwest,5th District,525,0.28,7781756,27725320,,,,,198,38%,28,5%,58,11%,,,231,44%,69%,83510,108183,28301,656,3,80,15%,95%,30%
"STEEL, EDWARD SCHOOL",4301 WAYNE AVE.,PHILADELPHIA,PA,"-75.156994,40.018797",19140,6390,8 - Bass,1973,Elementary School,District,North-Central,39th District,561,0.37,10343895,28336200,,,,,529,94%,,,,,,,,,100%,85350,130306,35620,676,3,83,15%,92%,46%
WIDENER MEMORIAL SCHOOL,1450 W. OLNEY AVE.,PHILADELPHIA,PA,"-75.146999,40.037236",19141,6400,8 - Bass,1953,K-12,District,Northwest,35th District,151,1.2,34458866,28774170,,,,,62,41%,,,47,31%,,,,,100%,84135,464442,134710,1034,1,,,,
COOK-WISSAHICKON SCHOOL,201 E. SALAIGNAC ST.,PHILADELPHIA,PA,"-75.207023,40.022593",19128,6410,4 - Jones Jr.,1969,Elementary School,District,Northwest,5th District,442,0.22,5285993,24269200,,,,,158,36%,,,54,12%,,,209,47%,77%,73100,133317,29729,537,2,53,12%,95%,32%
"WISTER, JOHN SCHOOL",67 E. BRINGHURST ST.,PHILADELPHIA,PA,"-75.167091,40.03339",19144,6430,8 - Bass,1955,Elementary School,District,Northwest,14th District,373,0.49,15303094,31113380,,,,,357,96%,,,,,,,,,100%,93715,151478,33018,517,3,30,8%,92%,46%
"LINGELBACH, ANNA L. SCHOOL",6340 WAYNE AVE.,PHILADELPHIA,PA,"-75.189952,40.03741",19144,6440,8 - Bass,1955,Elementary School,District,Northwest,14th District,427,0.48,10377709,21567716,,,,,364,85%,27,6%,23,5%,,,,,99%,64963,278019,24086,398,2,49,11%,95%,35%
"DOBSON, JAMES SCHOOL",4667 UMBRIA ST.,PHILADELPHIA,PA,"-75.230257,40.031349",19127,6450,4 - Jones Jr.,1930,Elementary School,District,Northwest,5th District,305,0.61,10670147,17430000,,,,,104,34%,,,35,11%,,,141,46%,76%,52500,41662,16963,417,3,61,20%,96%,26%
HILL-FREEDMAN WORLD ACADEMY,6200 CRITTENDEN ST.,PHILADELPHIA,PA,"-75.16533,40.056411",19138,6460,8 - Bass,1980,Middle School,District,Northwest,14th District,489,0.28,4423852,16059978,,,20,4%,417,85%,,,24,5%,,,,,76%,46959,200016,31275,216,2,108,22%,96%,27%
"KELLY, JOHN B. SCHOOL",5116 PULASKI AVE.,PHILADELPHIA,PA,"-75.172634,40.02499",19144,6470,8 - Bass,1970,Elementary School,District,Northwest,39th District,680,0.36,12298009,33856032,,,,,600,88%,,,61,9%,,,,,100%,101976,212664,75228,795,2,81,12%,93%,45%
AMY NORTHWEST,6000 RIDGE AVE.,PHILADELPHIA,PA,"-75.213,40.030918",19128,6480,8 - Bass,1929,Middle School,District,Northwest,14th District,261,0.2,4539267,23065700,,,,,232,89%,,,,,,,,,95%,69475,74570,17073,576,2,,,97%,17%
LANKENAU HIGH SCHOOL,201 SPRING LANE,PHILADELPHIA,PA,"-75.252607,40.062386",19128,6540,4 - Jones Jr.,1971,High School,District,Northwest,5th District,313,0.42,11103032,26270000,,,,,290,93%,,,,,,,,,84%,74000,732958,17657,347,3,36,12%,92%,55%
FRANKFORD HIGH SCHOOL,5000 OXFORD AVE.,PHILADELPHIA,PA,"-75.08515,40.021699",19124,7010,7- Q-S,1914,High School,District,Northeast,15th District,1139,0.742,82700996,111386575,,,,,588,52%,374,33%,36,3%,,,126,11%,100%,313765,209414,100226,1679,4,348,31%,77%,79%
"COOKE, JAY ELEMENTARY SCHOOL",1300 W. LOUDEN ST.,PHILADELPHIA,PA,"-75.146138,40.025527",19141,7100,8 - Bass,1923,Elementary School,District,Northwest,35th District,503,1.07,41865466,39043200,,,,,412,82%,42,8%,33,7%,,,,,100%,117600,79476,53321,974,3,61,12%,93%,38%
"HARDING, WARREN G. MIDDLE SCH",2000 WAKELING ST.,PHILADELPHIA,PA,"-75.07437,40.012785",19124,7110,1 - Squilla,1924,Middle School,District,Northeast,15th District,783,0.61,26973401,44208288,,,,,461,59%,210,27%,45,6%,,,54,7%,100%,129264,381462,53312,1197,3,204,26%,91%,55%
"FELS, SAMUEL HIGH SCHOOL",5500 LANGDON ST.,PHILADELPHIA,PA,"-75.092464,40.03644",19124,7120,9 - Parker,2009,High School,District,Northeast,2nd District,1009,0,0,88674385,,,83,8%,649,64%,210,21%,29,3%,,,34,3%,100%,249787,1004241,179946,1418,,232,23%,84%,65%
"WAGNER, GEN. LOUIS MIDDLE SCH.",1701 CHELTEN AVE.,PHILADELPHIA,PA,"-75.147734,40.051817",19126,7130,8 - Bass,1928,Middle School,District,Northwest,35th District,497,1.01,28209220,27903438,,,,,469,94%,,,,,,,,,100%,81589,105079,50695,1008,4,119,24%,92%,49%
JUNIATA PARK ACADEMY,801 E. HUNTING PARK AVE.,PHILADELPHIA,PA,"-75.111645,40.012799",19124,7150,7- Q-S,2007,Elementary School,District,North-Central,24th District,1134,0,0,33963600,,,97,9%,130,11%,737,65%,127,11%,,,43,4%,100%,102300,213904,68265,874,2,106,9%,94%,43%
BARTON SCHOOL,4600 ROSEHILL ST.,PHILADELPHIA,PA,"-75.119655,40.020209",19120,7200,7- Q-S,1925,Elementary School,District,North-Central,25th District,813,0.81,19512162,23970400,,,32,4%,197,24%,476,59%,96,12%,,,,,100%,72200,135621,23534,755,3,56,7%,93%,48%
"CARNELL, LAURA H. SCHOOL",1100 DEVEREAUX AVE.,PHILADELPHIA,PA,"-75.084131,40.038894",19111,7220,7- Q-S,1931,Elementary School,District,Northeast,2nd District,988,0.69,17182998,24861820,,,32,3%,562,57%,239,24%,101,10%,,,49,5%,100%,74885,160161,25902,874,3,89,9%,93%,44%
ELLWOOD SCHOOL,6701 N. 13TH ST.,PHILADELPHIA,PA,"-75.138481,40.055131",19126,7260,9 - Parker,1957,Elementary School,District,Northwest,35th District,320,0.42,7836573,18466172,,,,,289,90%,,,,,,,,,100%,55621,123523,31861,358,2,30,9%,94%,34%
"FINLETTER, THOMAS K. SCHOOL",6101 N. FRONT ST.,PHILADELPHIA,PA,"-75.119127,40.043621",19120,7270,9 - Parker,1930,Elementary School,District,Northwest,35th District,829,0.87,18066865,20836320,,,88,11%,569,69%,98,12%,59,7%,,,,,100%,62760,239857,20766,676,1,81,10%,94%,36%
"FRANKLIN, BENJAMIN SCHOOL",5735 RISING SUN AVE.,PHILADELPHIA,PA,"-75.104015,40.042286",19120,7280,9 - Parker,1916,Elementary School,District,Northeast,2nd District,975,0.394,10072211,25540760,,,44,5%,586,60%,234,24%,84,9%,,,24,2%,100%,76930,97922,32335,696,2,114,12%,94%,39%
"STEARNE, ALLEN M. SCHOOL",1655 UNITY ST.,PHILADELPHIA,PA,"-75.085128,40.011962",19124,7290,7- Q-S,1968,Elementary School,District,Northeast,15th District,538,0.65,16560944,25281800,,,,,258,48%,206,38%,52,10%,,,,,100%,76150,73105,29002,537,3,87,16%,92%,54%
"HOPKINSON, FRANCIS SCHOOL",4001 L ST.,PHILADELPHIA,PA,"-75.102188,40.008412",19124,7300,7- Q-S,1927,Elementary School,District,North-Central,24th District,920,1.129603083,18483266,16362620,,,35,4%,233,25%,544,59%,72,8%,,,32,3%,100%,49285,97538,20329,656,3,113,12%,94%,45%
FELTONVILLE INTERMEDIATE,238 E. WYOMING AVE.,PHILADELPHIA,PA,"-75.120982,40.020346",19120,7310,7- Q-S,1936,Elementary School,District,North-Central,25th District,727,0,0,27888000,,,34,5%,161,22%,452,62%,62,9%,,,,,100%,84000,77353,41692,696,3,74,10%,,
"HOWE, JULIA WARD SCHOOL",5800 N. 13TH ST.,PHILADELPHIA,PA,"-75.142321,40.041454",19141,7320,9 - Parker,1913,Elementary School,District,Northwest,35th District,264,0.45,6007402,13446000,,,,,232,88%,,,24,9%,,,,,100%,40500,51164,11646,437,3,29,11%,93%,40%
"LAWTON, HENRY W. SCHOOL",6101 JACKSON ST.,PHILADELPHIA,PA,"-75.058585,40.020256",19135,7330,6 - Henon,1973,Elementary School,District,Northeast,15th District,762,0.15,3970696,26512192,,,,,269,35%,194,25%,115,15%,,,171,22%,100%,79856,90346,46944,855,2,100,13%,93%,45%
"LOWELL, JAMES R. SCHOOL",450 W. NEDRO AVE.,PHILADELPHIA,PA,"-75.129094,40.040291",19120,7350,9 - Parker,1913,Elementary School,District,Northwest,35th District,841,1.15,22176231,19322400,,,135,16%,509,61%,115,14%,76,9%,,,,,100%,58200,106149,39639,1053,3,52,6%,,
"MARSHALL, JOHN SCHOOL",4500 GRISCOM ST.,PHILADELPHIA,PA,"-75.08742,40.014759",19124,7360,7- Q-S,1909,Elementary School,District,Northeast,15th District,402,0.47,9493920,19405400,,,,,210,52%,110,27%,58,14%,,,21,5%,100%,58450,34802,13116,417,3,55,14%,91%,52%
"WASHINGTON, GROVER JR. MIDDLE",201 E. OLNEY AVE.,PHILADELPHIA,PA,"-75.117672,40.035728",19120,7370,9 - Parker,2000,Middle School,District,Northwest,35th District,561,0.01,397985,51129000,,,104,19%,314,56%,91,16%,33,6%,,,,,100%,149500,218698,84266,1197,3,137,24%,94%,39%
"MC CLURE, ALEXANDER K. SCHOOL",600 W. HUNTING PARK AVE.,PHILADELPHIA,PA,"-75.137616,40.015077",19140,7380,7- Q-S,1910,Elementary School,District,North-Central,25th District,629,0.92,17563603,19090000,,,,,174,28%,405,64%,43,7%,,,,,100%,57500,46131,17273,576,3,44,7%,92%,48%
"MORRISON, ANDREW J. SCHOOL",5100 N. 3RD ST.,PHILADELPHIA,PA,"-75.129592,40.029476",19120,7390,9 - Parker,1924,Elementary School,District,Northwest,35th District,693,0.58,16287579,27852808,,,55,8%,371,54%,200,29%,60,9%,,,,,100%,83894,70311,31359,775,3,87,13%,93%,48%
OLNEY ELEMENTARY SCHOOL,5301 N. WATER ST.,PHILADELPHIA,PA,"-75.120871,40.03108",19120,7400,9 - Tasco,1900,Elementary School,District,Northwest,35th District,862,0.72,10063503,14009736,,,134,16%,365,42%,282,33%,64,7%,,,,,100%,42198,56252,15977,537,2,92,11%,94%,38%
"SULLIVAN, JAMES J. SCHOOL",5300 DITMAN ST.,PHILADELPHIA,PA,"-75.066736,40.015904",19124,7430,6 - Henon,1930,Elementary School,District,Northeast,15th District,751,0.84,18757182,21580000,,,,,345,46%,207,28%,112,15%,,,81,11%,100%,65000,106474,21293,636,3,111,15%,92%,55%
"TAYLOR, BAYARD SCHOOL",3698 N. RANDOLPH ST.,PHILADELPHIA,PA,"-75.138253,40.006924",19140,7440,7- Q-S,1907,Elementary School,District,North-Central,25th District,556,0.24,4528111,18791200,,,,,98,18%,404,73%,46,8%,,,,,100%,56600,75524,26918,616,4,49,9%,93%,47%
"ZIEGLER, WILLIAM H. SCHOOL",5935 SAUL ST.,PHILADELPHIA,PA,"-75.075404,40.030067",19149,7460,6 - Henon,1957,Elementary School,District,Northeast,15th District,543,0.121,2372421,19596300,,,27,5%,254,47%,169,31%,52,10%,,,41,8%,100%,59025,65808,35908,556,2,81,15%,93%,43%
BRIDESBURG SCHOOL,2824 JENKS ST.,PHILADELPHIA,PA,"-75.066742,40.000232",19137,7470,6 - Henon,1958,Elementary School,District,North-Central,15th District,722,0.44,10503184,23663300,,,,,,,44,6%,58,8%,,,602,83%,90%,71275,106311,26763,338,2,97,13%,93%,49%
PRINCE HALL SCHOOL,6101-6167 N. GRATZ ST.,PHILADELPHIA,PA,"-75.149337,40.047691",19141,7490,8 - Bass,1971,Elementary School,District,Northwest,35th District,581,0.22,5880412,26228000,,,,,519,89%,,,49,8%,,,,,100%,79000,148940,63011,636,2,74,13%,95%,35%
FELTONVILLE ARTS & SCIENCES,210 E. COURTLAND ST.,PHILADELPHIA,PA,"-75.122093,40.019367",19120,7500,7- Q-S,2005,Middle School,District,North-Central,25th District,519,0,0,26676000,,,26,5%,140,27%,315,61%,28,5%,,,,,100%,78000,96895,38919,924,,98,19%,92%,51%
"BETHUNE, MARY MCLEOD SCHOOL",3301 OLD YORK RD.,PHILADELPHIA,PA,"-75.147718,40.003606",19140,7510,5 - Clarke,1970,Elementary School,District,North-Central,25th District,764,0.22,7264030,33007440,,,,,533,70%,169,22%,53,7%,,,,,100%,99420,168669,59332,855,2,46,6%,92%,54%
"ROWEN, WILLIAM SCHOOL",6841 N. 19TH ST.,PHILADELPHIA,PA,"-75.148413,40.058764",19126,7530,9 - Parker,1938,Elementary School,District,Northwest,14th District,523,0.55,10278146,18724800,,,,,485,93%,,,26,5%,,,,,100%,56400,115684,25586,517,2,65,12%,95%,37%
"CLEMENTE, ROBERTO MIDDLE SCHL",122 W. ERIE AVE.,PHILADELPHIA,PA,"-75.12946,40.006096",19140,7730,7- Q-S,1994,Middle School,District,North-Central,25th District,449,0.09,7378883,79622730,,,,,146,33%,283,63%,,,,,,,100%,232815,267440,87832,1512,3,98,22%,90%,58%
"LINCOLN, ABRAHAM HIGH SCHOOL",3201 RYAN AVE.,PHILADELPHIA,PA,"-75.042777,40.04382",19136,8010,6 - Henon,2009,High School,District,Northeast,15th District,1570,0,0,103741295,,,75,5%,633,40%,378,24%,71,5%,,,410,26%,100%,292229,1708317,221693,1586,,399,25%,82%,68%
NORTHEAST HIGH SCHOOL,1601 COTTMAN AVE.,PHILADELPHIA,PA,"-75.071199,40.056187",19111,8020,10-O'Neill,1957,High School,District,Northeast,2nd District,3151,0.75,82332242,110155080,,,669,21%,955,30%,731,23%,204,6%,,,583,19%,90%,310296,540560,204188,2167,3,352,11%,88%,57%
"WASHINGTON, GEORGE HIGH SCHOOL",10175 BUSTLETON AVE.,PHILADELPHIA,PA,"-75.025309,40.106162",19116,8030,10-O'Neill,1963,High School,District,Northeast,7th District,1760,0.194,23810376,122830000,,,189,11%,635,36%,202,11%,67,4%,,,665,38%,85%,346000,496835,201405,2765,3,361,21%,87%,61%
ARTS ACADEMY AT BENJAMIN RUSH,11081 KNIGHTS RD.,PHILADELPHIA,PA,"-74.973988,40.082703",19154,8040,10-O'Neill,1968,High School,District,Northeast,8th District,613,0.55,33565142,61610250,,,31,5%,131,21%,85,14%,41,7%,,,323,53%,55%,173550,412677,120512,1169,2,58,9%,94%,43%
SWENSON ARTS/TECH HIGH SCHOOL,2750 RED LION RD.,PHILADELPHIA,PA,"-75.013967,40.092034",19114,8090,10-O'Neill,1976,High School,District,Northeast,8th District,637,0.4,24153288,61032310,,,41,6%,202,32%,157,25%,,,,,225,35%,85%,171922,440803,123564,875,2,137,22%,92%,53%
"WILSON, WOODROW MIDDLE SCHOOL",1800 COTTMAN AVE.,PHILADELPHIA,PA,"-75.069149,40.052379",19111,8120,7- Q-S,1928,Middle School,District,Northeast,2nd District,1190,0.75,35672996,47709000,,,240,20%,398,33%,262,22%,108,9%,,,177,15%,100%,139500,146397,53083,1239,4,138,12%,93%,39%
"MEEHAN, AUSTIN MIDDLE SCHOOL",3001 RYAN AVE.,PHILADELPHIA,PA,"-75.044297,40.045799",19152,8140,6 - Henon,1970,Middle School,District,Northeast,15th District,538,0.641,44714887,69799806,,,28,5%,205,38%,98,18%,44,8%,,,163,30%,100%,204093,560379,93823,1533,2,115,21%,92%,50%
BALDI MIDDLE SCHOOL,8801 VERREE RD.,PHILADELPHIA,PA,"-75.052527,40.091245",19115,8160,10-O'Neill,1971,Middle School,District,Northeast,7th District,1296,0.41,26168658,63308646,,,284,22%,190,15%,115,9%,85,7%,,,616,48%,70%,185113,1164249,102976,1302,2,176,14%,94%,35%
"HANCOCK, JOHN SCHOOL",3700 MORRELL AVE.,PHILADELPHIA,PA,"-74.988989,40.067423",19114,8180,10-O'Neill,1968,Elementary School,District,Northeast,8th District,513,0.677,14827616,21912000,,,,,40,8%,40,8%,77,15%,,,337,66%,69%,66000,169359,42793,537,1,97,19%,95%,32%
"ALLEN, ETHAN SCHOOL",6329 BATTERSBY ST.,PHILADELPHIA,PA,"-75.061689,40.029722",19149,8200,6 - Henon,1930,Elementary School,District,Northeast,15th District,987,0.239,5808068,22072024,,,126,13%,336,34%,268,27%,119,12%,,,132,13%,100%,66482,119159,20698,656,3,103,10%,93%,42%
"BROWN, JOSEPH H. SCHOOL",3600 STANWOOD ST.,PHILADELPHIA,PA,"-75.024744,40.043359",19136,8210,6 - Henon,1937,Elementary School,District,Northeast,8th District,571,0.71,12881720,18134836,,,25,4%,164,29%,86,15%,80,14%,,,215,38%,100%,54623,86693,19874,517,3,79,14%,93%,46%
"CROSSAN, KENNEDY C. SCHOOL",7350 BINGHAM ST.,PHILADELPHIA,PA,"-75.081382,40.062156",19111,8230,10-O'Neill,1924,Elementary School,District,Northeast,2nd District,377,1.22,12319720,10102096,,,28,7%,103,27%,63,17%,49,13%,,,129,34%,90%,30428,34865,14141,278,2,35,9%,95%,36%
"DISSTON, HAMILTON SCHOOL",6801 COTTAGE ST.,PHILADELPHIA,PA,"-75.046763,40.028267",19135,8240,6 - Henon,1924,Elementary School,District,Northeast,15th District,881,1.06,23925209,22523544,,,24,3%,284,32%,245,28%,109,12%,,,215,24%,100%,67842,67392,20531,636,3,106,12%,92%,51%
"FORREST, EDWIN SCHOOL",7300 COTTAGE ST.,PHILADELPHIA,PA,"-75.036067,40.034641",19136,8250,6 - Henon,1929,Elementary School,District,Northeast,15th District,1185,0.86,18118213,20999000,,,35,3%,357,30%,276,23%,164,14%,,,350,30%,100%,63250,135926,21969,696,3,117,10%,94%,41%
FOX CHASE SCHOOL,500 RHAWN ST.,PHILADELPHIA,PA,"-75.08054,40.074556",19111,8260,10-O'Neill,1949,Elementary School,District,Northeast,2nd District,492,1,18200596,17430000,,,35,7%,106,22%,69,14%,70,14%,,,209,42%,74%,52500,447961,26852,556,3,50,10%,95%,31%
"HOLME, THOMAS SCHOOL",9120 ACADEMY RD.,PHILADELPHIA,PA,"-75.009463,40.05504",19114,8270,10-O'Neill,1950,Elementary School,District,Northeast,8th District,541,0.993,24066120,24236000,,,51,9%,141,26%,81,15%,79,15%,,,189,35%,100%,73000,240216,34385,795,2,88,16%,92%,45%
MAYFAIR SCHOOL,3001 PRINCETON AVE.,PHILADELPHIA,PA,"-75.051888,40.039321",19149,8300,6 - Henon,1949,Elementary School,District,Northeast,15th District,1243,0.94,22441920,23904000,,,263,21%,165,13%,260,21%,120,10%,,,433,35%,91%,72000,239787,47121,576,2,122,10%,95%,33%
"MOORE, J. HAMPTON SCHOOL",6900 SUMMERDALE AVE.,PHILADELPHIA,PA,"-75.076965,40.049174",19111,8310,7- Q-S,1952,Elementary School,District,Northeast,2nd District,1196,0.39,9077766,22476732,,,202,17%,418,35%,283,24%,147,12%,,,141,12%,100%,67701,244481,39766,755,2,116,10%,95%,31%
"LABRUM,GEN HARRY MIDDLE SCHOOL",10800 HAWLEY RD.,PHILADELPHIA,PA,"-74.987846,40.080694",19154,8320,10-O'Neill,1974,Middle School,District,Northeast,8th District,228,0.33,5149339,15219000,,,,,23,10%,37,16%,,,,,144,63%,82%,44500,101509,30066,420,2,80,35%,93%,46%
"SOLIS-COHEN, SOLOMON SCHOOL",7001 HORROCKS ST.,PHILADELPHIA,PA,"-75.065422,40.044755",19149,8340,6 - Henon,1948,Elementary School,District,Northeast,2nd District,1368,0.76,22916781,30212000,,,290,21%,312,23%,394,29%,170,12%,,,191,14%,100%,91000,564969,79392,974,2,138,10%,95%,35%
"SPRUANCE, GILBERT SCHOOL",6401 HORROCKS ST.,PHILADELPHIA,PA,"-75.072602,40.037165",19149,8350,6 - Henon,1949,Elementary School,District,Northeast,2nd District,1461,0.69,23253382,33911476,,,186,13%,582,40%,393,27%,162,11%,,,134,9%,100%,102143,280857,63441,835,2,162,11%,95%,33%
RHAWNHURST SCHOOL,7809 CASTOR AVE.,PHILADELPHIA,PA,"-75.057751,40.058539",19152,8360,7- Q-S,1949,Elementary School,District,Northeast,2nd District,618,0.65,9879211,15272000,,,161,26%,120,19%,116,19%,83,13%,,,134,22%,97%,46000,330120,37547,417,2,37,6%,96%,22%
"COMLY, WATSON SCHOOL",1001 BYBERRY RD.,PHILADELPHIA,PA,"-75.009142,40.120918",19116,8370,10-O'Neill,1929,Elementary School,District,Northeast,7th District,487,0.8,14484619,11634940,,,53,11%,67,14%,40,8%,58,12%,,,266,55%,66%,35045,237065,37523,457,2,56,11%,95%,34%
"FARRELL, LOUIS H. SCHOOL",8300 CASTOR AVE.,PHILADELPHIA,PA,"-75.052445,40.066559",19152,8380,7- Q-S,1959,Elementary School,District,Northeast,7th District,1097,0.53,12200885,22038824,,,135,12%,178,16%,172,16%,201,18%,,,405,37%,95%,66382,163377,32238,755,3,136,12%,95%,32%
"FITZPATRICK, A. L. SCHOOL",11061 KNIGHTS RD.,PHILADELPHIA,PA,"-74.976628,40.080407",19154,8390,10-O'Neill,1960,Elementary School,District,Northeast,8th District,881,0.69,19640899,28402600,,,39,4%,165,19%,95,11%,99,11%,,,482,55%,78%,85550,233161,27532,815,4,128,15%,93%,41%
"FRANK, ANNE SCHOOL",2000 BOWLER ST.,PHILADELPHIA,PA,"-75.028431,40.087927",19115,8400,10-O'Neill,1962,Elementary School,District,Northeast,7th District,1240,0.594,14691579,24734000,,,277,22%,199,16%,117,9%,143,12%,,,498,40%,77%,74500,251376,33885,676,1,57,5%,96%,28%
"POLLOCK, ROBERT B. SCHOOL",2850 WELSH RD.,PHILADELPHIA,PA,"-75.027067,40.059522",19152,8410,6 - Henon,1962,Elementary School,District,Northeast,8th District,737,0.5,12458380,24236000,,,90,12%,270,37%,95,13%,100,14%,,,177,24%,83%,73000,323301,43928,696,2,89,12%,95%,34%
"DECATUR, STEPHEN SCHOOL",3500 ACADEMY RD.,PHILADELPHIA,PA,"-74.970678,40.095591",19154,8420,6 - Henon,1964,Elementary School,District,Northeast,8th District,1030,0.64,18900445,29630004,,,55,5%,158,15%,96,9%,125,12%,,,595,58%,66%,89247,215404,37065,954,3,131,13%,94%,39%
"GREENBERG, JOSEPH SCHOOL",600 SHARON LN.,PHILADELPHIA,PA,"-75.057447,40.095671",19115,8430,10-O'Neill,1964,Elementary School,District,Northeast,7th District,738,0.477,14254544,29880000,,,171,23%,93,13%,36,5%,73,10%,,,361,49%,37%,90000,155754,34074,755,3,110,15%,96%,19%
"LOESCHE, WILLIAM H. SCHOOL",595 TOMLINSON RD.,PHILADELPHIA,PA,"-75.023575,40.114184",19116,8440,10-O'Neill,1965,Elementary School,District,Northeast,7th District,782,0.63,18354780,29216000,,,140,18%,65,8%,49,6%,95,12%,,,428,55%,82%,88000,341969,73219,934,2,72,9%,94%,36%
THE WORKSHOP SCHOOL,221 S. HANSON ST.,PHILADELPHIA,PA,"-75.218553,39.955306",19139,8560,UNKNOWN,UNKNOWN,UNKNOWN,District,,,207,UNKNOWN,UNKNOWN,,,,,,185,89%,,,,,,,,,100%,,,,,,31,15%,,
PHILADELPHIA VIRTUAL ACADEMY,440 N. BROAD ST.,PHILADELPHIA,PA,"-75.162782,39.961024",19130,8780,UNKNOWN,UNKNOWN,UNKNOWN,District,,,311,UNKNOWN,UNKNOWN,,,,,,210,68%,44,14%,,,,,40,13%,100%,,,,,,27,9%,,